ID,FirstName,LastName,Quote,FavoriteBeverage,RecentlyVisitedCity
001,Alice,Smith,"Life is an adventure, enjoy!","Coffee",Paris
002,Bob,Johnson,"Dream big and never quit!","Tea",Tokyo
003,Charlie,Davis,"Smile, it's contagious!","Water",New York
004,David,Anderson,"In unity, there is strength.","Soda",London
005,Eva,Brown,"Live, laugh, love every day.","Coffee",Paris
006,Frank,Miller,"Happiness is a choice, choose!","Tea",Tokyo
007,Grace,Wilson,"Create your own sunshine daily.","Water",New York
008,Henry,Jackson,"Stay positive, stay fighting!","Soda",London
009,Ivy,Thomas,"Embrace the glorious mess inside.","Coffee",Paris
010,Jack,White,"Life is beautiful; enjoy it!","Tea",Tokyo
011,Kate,Harris,"Work hard, dream big, achieve!","Water",New York
012,Liam,Martin,"Life is short, seize it!","Soda",London
013,Mia,Clark,"Live, love, laugh, repeat often.","Coffee",Paris
014,Noah,Anderson,"Chase your wildest dreams always.","Tea",Tokyo
015,Olivia,Johnson,"Happiness begins with a smile.","Water",New York
016,Peter,Davis,"Kindness matters; spread it everywhere!","Soda",London
017,Quinn,Smith,"Carpe Diem - seize the day!","Coffee",Paris
018,Rachel,Johnson,"Stay curious and stay kind.","Tea",Tokyo
019,Sam,Wilson,"Dream, believe, achieve greatness!","Water",New York
020,Thomas,Miller,"Success is a journey, enjoy!","Soda",London
021,Isabella,White,"Laughter is the best medicine.","Coffee",Paris
022,William,Davis,"Life is an open book.","Tea",Tokyo
023,Sophia,Jones,"Make every moment memorable forever.","Water",New York
024,James,Williams,"Strive for greatness, always forward!","Soda",London
025,Emma,Brown,"Live for the moment today!","Coffee",Paris
